userID,username,email,gender,Address,birthday,visitID
1,aalthrope0,djillings0@va.gov,Genderqueer,02 Dorton Crossing,1/12/68 0:52,1
2,tbenbrick1,clathom1@nsw.gov.au,Agender,55 Oakridge Crossing,5/9/89 9:31,2
3,bkindleside2,ddefew2@technorati.com,Agender,20 Lotheville Parkway,6/9/86 5:03,3
4,lcaddell3,drudeforth3@nymag.com,Polygender,7138 Katie Terrace,3/18/82 8:54,4
5,wbeldum4,kbillin4@51.la,Genderfluid,7 Sutteridge Junction,11/28/64 8:08,5
6,mjunkison5,tsommerville5@blogs.com,Agender,90 Buena Vista Pass,5/24/78 9:08,6
7,adavidovitch6,rbembrick6@icio.us,Male,32 Dennis Place,9/26/70 18:08,7
8,zlabel7,hlandrieu7@list-manage.com,Bigender,9 Londonderry Alley,10/2/01 2:30,8
9,aaldritt8,cburndred8@soup.io,Male,033 1st Avenue,4/22/84 13:44,9
10,rfackney9,secclestone9@va.gov,Genderfluid,003 Doe Crossing Park,5/8/02 22:42,10
11,rbevissa,fdumphreysa@woothemes.com,Non-binary,46771 Tennyson Crossing,1/22/75 16:38,11
12,ckellenb,bmacconaghyb@networksolutions.com,Genderqueer,0 Buhler Drive,11/15/87 11:17,12
13,hcorkillc,hharmsonc@e-recht24.de,Polygender,77384 Duke Center,3/19/96 19:33,13
14,fwhaleyd,cblesingd@sitemeter.com,Male,61 Butternut Way,10/28/85 4:58,14
15,bpaddemoree,tdennistoune@google.co.jp,Polygender,0 Village Pass,7/18/86 4:26,15
16,ngooderef,gsleitf@dmoz.org,Bigender,19 Graedel Plaza,7/9/97 11:43,16
17,batheyg,ndelafeldg@geocities.jp,Agender,985 Tony Drive,8/7/79 7:30,17
18,sroselh,vlittlerh@ucla.edu,Male,3 Daystar Lane,4/20/58 22:26,18
19,oblaxilli,kbartolijni@livejournal.com,Non-binary,9 Helena Alley,10/13/82 12:47,19
20,skairnsj,mmeesej@admin.ch,Genderfluid,04 Dixon Hill,7/8/93 11:16,20
21,mbiggsk,tcodek@yahoo.co.jp,Genderqueer,7953 Mitchell Terrace,7/24/78 3:44,21
22,kniesingl,smawerl@amazonaws.com,Agender,192 Mallory Pass,1/29/95 9:44,22
23,respinham,smandifieldm@wunderground.com,Genderqueer,5 Manufacturers Drive,9/23/55 12:42,23
24,cbambridgen,cbraffingtonn@drupal.org,Genderqueer,31 Holmberg Plaza,3/2/91 8:12,24
25,sgatrello,amarriono@prnewswire.com,Non-binary,9324 Holmberg Court,7/16/58 15:46,25
26,tvalesp,ymoncarrp@shop-pro.jp,Non-binary,8447 Graceland Place,12/26/71 5:11,26
27,ikeninghamq,fsteblesq@cafepress.com,Genderqueer,0 Hagan Parkway,4/29/02 21:24,27
28,dhaysarr,adepaolir@cpanel.net,Agender,3 Mandrake Way,10/16/78 21:35,28
29,ueltringhams,nbartkowiaks@google.com.au,Genderqueer,89463 Maywood Center,12/9/59 23:00,29
30,cpeakert,hmarnest@github.io,Bigender,09 Truax Junction,12/31/89 13:58,30
31,ashitliffu,sgattyu@blogger.com,Non-binary,72290 Nelson Avenue,4/11/52 21:20,31
32,cclayv,ckeverenv@spiegel.de,Polygender,0 Rockefeller Parkway,3/9/95 16:22,32
33,omackiew,cmoarw@ocn.ne.jp,Genderfluid,8 Spaight Point,4/26/84 15:07,33
34,ktrowlerx,mlaurentyx@upenn.edu,Polygender,547 Sunbrook Alley,11/28/01 7:52,34
35,bbeetony,oscallyy@samsung.com,Genderqueer,02 Bashford Park,12/23/94 1:33,35
36,rlesserz,dhedmanz@apache.org,Non-binary,265 Starling Road,11/9/67 10:28,36
37,vblore10,speterson10@ycombinator.com,Male,5 Amoth Street,6/20/66 2:21,37
38,ctanner11,jlysaght11@eepurl.com,Non-binary,77713 Prentice Way,11/10/75 22:51,38
39,oody12,ookane12@apple.com,Non-binary,76052 Eagan Street,7/27/82 8:05,39
40,csplevin13,cisselee13@blog.com,Polygender,3047 Oxford Crossing,1/6/82 4:46,40
41,hgreenstreet14,cpluvier14@yellowpages.com,Polygender,2162 Nobel Plaza,8/20/94 16:32,41
42,vterrans15,lquinnet15@tinyurl.com,Genderfluid,37 Butternut Plaza,9/15/96 0:57,42
43,ctitley16,hbuttrum16@zimbio.com,Genderfluid,9529 Lukken Lane,4/2/54 20:36,43
44,sbraiden17,ecockell17@washington.edu,Polygender,631 Eagle Crest Crossing,9/24/98 8:16,44
45,fslocum18,jbruinemann18@yellowpages.com,Agender,47141 Briar Crest Hill,9/24/55 22:26,45
46,gyukhnini19,rgrouen19@army.mil,Agender,254 Cottonwood Street,1/14/65 12:59,46
47,bpavlishchev1a,pbaddam1a@discuz.net,Genderfluid,273 Harper Street,8/13/59 3:29,47
48,jspragge1b,tdabell1b@arstechnica.com,Polygender,5508 Commercial Trail,5/6/58 16:49,48
49,sdaglish1c,asevers1c@google.es,Bigender,5 Spenser Terrace,1/8/61 17:25,49
50,smaudlen1d,cmathivet1d@vk.com,Male,9977 Meadow Valley Avenue,4/2/99 1:02,50
51,vchiplen1e,khalgarth1e@sbwire.com,Genderqueer,55772 Fisk Park,10/5/92 5:29,51
52,mtallet1f,bdeely1f@livejournal.com,Agender,2997 Bartelt Hill,3/12/53 8:19,52
53,fdahle1g,ajankiewicz1g@desdev.cn,Male,76 Dexter Crossing,1/12/58 10:41,53
54,mhaquard1h,bnoone1h@mayoclinic.com,Genderfluid,2 Sugar Park,8/5/73 10:39,54
55,mtaggert1i,cgoutcher1i@list-manage.com,Polygender,9 Cordelia Park,9/5/99 14:19,55
56,tgoforth1j,socannon1j@reuters.com,Non-binary,6062 Homewood Park,7/19/71 8:17,56
57,thachard1k,cbrigdale1k@fema.gov,Non-binary,6909 Hazelcrest Drive,8/31/94 19:21,57
58,gfawthrop1l,atomasutti1l@tuttocitta.it,Agender,43932 Schurz Way,9/20/86 15:30,58
59,ljordon1m,lensor1m@sun.com,Non-binary,622 Orin Center,6/28/56 23:39,59
60,fceland1n,ngodfery1n@paypal.com,Female,44 Lukken Hill,2/4/81 2:27,60
61,ccaress1o,fdunsire1o@biglobe.ne.jp,Male,91 Pine View Lane,8/13/93 14:37,61
62,rbutterfield1p,mduggan1p@reference.com,Genderqueer,8910 Raven Street,2/26/65 12:59,62
63,scholerton1q,fhazelhurst1q@amazon.co.jp,Polygender,87 Dottie Plaza,6/7/90 19:27,63
64,cdymick1r,kpisco1r@livejournal.com,Bigender,86 Ludington Hill,7/3/88 21:53,64
65,arutland1s,ffraney1s@wired.com,Genderqueer,964 Hoard Crossing,10/1/58 11:46,65
66,pkealey1t,dgaffer1t@mapy.cz,Agender,6 Sauthoff Parkway,9/18/66 2:42,66
67,abotterman1u,cphilipeaux1u@discovery.com,Polygender,3420 Ruskin Pass,2/3/69 13:32,67
68,lalvares1v,ucraske1v@cbslocal.com,Male,6 Acker Road,12/7/57 13:49,68
69,dlegrand1w,lrallinshaw1w@furl.net,Polygender,6614 Kingsford Lane,11/1/00 12:47,69
70,osouthcott1x,gjaan1x@scientificamerican.com,Polygender,9565 Ilene Junction,11/16/96 2:30,70
71,mstaining1y,jjuste1y@gmpg.org,Female,47384 Northport Lane,4/8/54 5:39,71
72,gflorence1z,elief1z@skype.com,Genderqueer,7771 Haas Pass,7/14/62 3:53,72
73,sglader20,afardell20@parallels.com,Male,06 Moulton Terrace,10/28/66 5:16,73
74,jcasale21,kiaduccelli21@wikimedia.org,Genderqueer,95069 Sutteridge Pass,6/14/51 9:54,74
75,tbris22,cjuniper22@spiegel.de,Non-binary,223 Ronald Regan Plaza,5/11/98 8:07,75
76,bhandrok23,sblondell23@shop-pro.jp,Male,2 Declaration Place,10/10/80 16:23,76
77,rgremane24,jdiggens24@bbc.co.uk,Polygender,77 Melody Way,12/15/74 21:16,77
78,lmatuszewski25,bbeale25@admin.ch,Genderfluid,4569 Graceland Terrace,12/3/61 21:56,78
79,cpalfery26,ljolliss26@reuters.com,Bigender,1670 Debra Junction,6/13/77 4:37,79
80,cpinel27,tgeraudy27@arizona.edu,Genderqueer,007 Scoville Way,4/7/63 22:40,80
81,awyburn28,rwoodham28@abc.net.au,Genderqueer,048 Golf View Terrace,12/21/91 15:05,81
82,cblest29,pyewdell29@about.me,Male,619 Spaight Circle,5/17/76 17:19,82
83,haspling2a,lbellwood2a@wikia.com,Male,7 Ludington Parkway,7/1/80 5:00,83
84,vnolder2b,vrate2b@nasa.gov,Genderqueer,2561 Crescent Oaks Alley,9/15/75 14:14,84
85,gsodor2c,lunitt2c@tamu.edu,Male,404 Mesta Hill,8/6/55 1:20,85
86,kvolkers2d,tjovic2d@youku.com,Non-binary,6 Lien Parkway,1/1/63 13:41,86
87,kglavin2e,oklejin2e@qq.com,Non-binary,91 Harper Drive,2/9/66 0:53,87
88,ldemange2f,aarcase2f@guardian.co.uk,Male,68 Park Meadow Park,6/27/01 13:13,88
89,gphare2g,upyecroft2g@dailymail.co.uk,Non-binary,5 Buell Place,3/2/78 20:06,89
90,kmoyse2h,seborall2h@dot.gov,Non-binary,33449 Sunfield Crossing,8/9/90 16:28,90
91,atillot2i,credmond2i@wix.com,Genderfluid,92 Montana Alley,11/12/50 13:50,91
92,dkellitt2j,carnolds2j@berkeley.edu,Polygender,2 Mayer Court,7/29/69 2:27,92
93,wmoizer2k,dsparham2k@xrea.com,Genderqueer,2 Macpherson Parkway,5/30/52 15:02,93
94,ssemmens2l,tstroud2l@bloglovin.com,Genderqueer,2 Lyons Point,10/15/90 21:58,94
95,onewark2m,swinscom2m@samsung.com,Polygender,14 Birchwood Center,10/19/84 8:27,95
96,kdeam2n,msugden2n@virginia.edu,Female,72 Warrior Plaza,10/20/63 13:00,96
97,scraigs2o,awhayman2o@live.com,Genderfluid,8 Heffernan Point,1/15/66 23:29,97
98,gskinner2p,amcsorley2p@usda.gov,Female,1061 Old Gate Avenue,10/22/65 18:12,98
99,eclaringbold2q,djauncey2q@dailymotion.com,Male,526 Delladonna Crossing,8/15/69 0:59,99
100,udarridon2r,jbridel2r@dropbox.com,Agender,69573 Clyde Gallagher Pass,2/14/51 1:58,100
101,mstiddard2s,grobyns2s@indiegogo.com,Genderfluid,4056 Anzinger Crossing,4/10/92 6:30,101
102,nbeardshall2t,dkabsch2t@networksolutions.com,Agender,484 Toban Place,10/17/58 11:56,102
103,hpeiro2u,rhadfield2u@webs.com,Female,3 Macpherson Hill,11/1/92 16:37,103
104,mbraywood2v,cgillibrand2v@goodreads.com,Non-binary,9212 Golden Leaf Drive,12/10/78 4:27,104
105,mmcerlaine2w,dlamburn2w@ustream.tv,Polygender,5644 Arizona Place,11/1/78 0:31,105
106,hstansall2x,kclowser2x@amazon.co.jp,Polygender,5 Helena Road,7/14/61 8:41,106
107,cmacpherson2y,iknight2y@mozilla.com,Agender,988 Melvin Avenue,2/14/78 3:01,107
108,hwest2z,jpantlin2z@shutterfly.com,Female,32140 Park Meadow Avenue,7/5/76 14:19,108
109,hberthelmot30,keytel30@loc.gov,Agender,276 Steensland Hill,3/14/72 8:33,109
110,eholby31,apammenter31@macromedia.com,Non-binary,965 Green Trail,8/3/66 13:15,110
111,shiers32,dbeel32@state.tx.us,Genderfluid,95 Loftsgordon Hill,3/10/80 12:18,111
112,iwitnall33,mclaessens33@canalblog.com,Male,3529 American Way,7/12/64 18:07,112
113,nhenkens34,lfibbens34@dell.com,Male,9533 Thompson Terrace,3/30/95 4:09,113
114,wmacauley35,rwalbrook35@indiegogo.com,Agender,79 High Crossing Street,6/6/73 2:17,114
115,tbaterip36,askeemer36@domainmarket.com,Male,40 Kingsford Road,8/23/70 19:01,115
116,amacgow37,egovinlock37@privacy.gov.au,Agender,7 Saint Paul Circle,2/21/57 13:43,116
117,hmccurtain38,hchriston38@yale.edu,Genderfluid,76 Thompson Point,1/18/00 20:10,117
118,bsainsburybrown39,chindes39@google.ru,Agender,09 Portage Trail,4/4/84 16:04,118
119,lduignan3a,chaine3a@howstuffworks.com,Male,34318 Westridge Hill,6/20/01 22:49,119
120,tblacklidge3b,lagnolo3b@myspace.com,Non-binary,60836 Hayes Lane,3/11/76 10:30,120
121,cbaudi3c,jkirkbright3c@sogou.com,Agender,50210 Arizona Trail,4/19/70 20:13,121
122,bpentony3d,jrough3d@engadget.com,Female,5282 Namekagon Park,1/5/54 14:58,122
123,aworrell3e,mcrass3e@prnewswire.com,Non-binary,01 Ryan Park,9/24/80 4:09,123
124,astarkey3f,dbartolomeo3f@fema.gov,Agender,9 Westridge Parkway,1/19/53 19:42,124
125,bdaw3g,sdown3g@surveymonkey.com,Genderqueer,4 Mcguire Circle,7/15/57 13:35,125
126,tbonnell3h,mbrahm3h@intel.com,Female,007 Russell Lane,10/16/67 11:31,126
127,kjeger3i,sgludor3i@posterous.com,Agender,810 Ramsey Avenue,1/10/94 3:18,127
128,ofoskew3j,pbatterson3j@vimeo.com,Polygender,5980 Nevada Avenue,11/17/70 23:22,128
129,zmarjoram3k,agillford3k@tuttocitta.it,Genderfluid,540 High Crossing Street,8/23/52 18:32,129
130,hgosney3l,elukacs3l@shinystat.com,Genderfluid,29 Larry Junction,11/17/54 17:33,130
131,ahlavac3m,mruncie3m@apple.com,Polygender,51273 Elgar Way,9/2/91 1:05,131
132,jliveley3n,amohan3n@nifty.com,Female,35 Rockefeller Point,1/7/70 10:19,132
133,lulyat3o,meighteen3o@freewebs.com,Non-binary,46292 8th Pass,6/3/54 9:40,133
134,ndobeson3p,cogorman3p@squidoo.com,Male,7328 Thompson Parkway,12/2/94 3:40,134
135,omaccague3q,gcankett3q@example.com,Polygender,82577 Anniversary Park,5/14/83 21:42,135
136,cprimmer3r,aciccoloi3r@usatoday.com,Agender,741 Moose Center,11/25/96 11:32,136
137,sjenik3s,estrivens3s@nature.com,Genderfluid,3 Eggendart Parkway,10/18/83 4:29,137
138,amcnicol3t,ohinzer3t@omniture.com,Polygender,00224 Glendale Trail,12/7/83 17:23,138
139,pgarnsey3u,bmarks3u@vimeo.com,Polygender,57 Toban Place,1/20/71 19:43,139
140,cdillistone3v,soldknowe3v@t-online.de,Agender,05409 2nd Crossing,7/13/72 7:42,140
141,dcowl3w,kshark3w@google.ru,Agender,992 Rutledge Avenue,12/13/55 3:07,141
142,ycheesman3x,ekeijser3x@cmu.edu,Female,4715 Havey Point,2/7/93 12:50,142
143,bdilgarno3y,vcutcliffe3y@baidu.com,Genderfluid,5 Meadow Ridge Plaza,2/27/64 13:05,143
144,hholbie3z,arussilll3z@boston.com,Genderfluid,157 Atwood Pass,10/4/99 21:04,144
145,cpavis40,splane40@time.com,Genderfluid,1 Schmedeman Avenue,11/13/62 3:34,145
146,ccaulwell41,mbellee41@noaa.gov,Non-binary,22 Sunfield Avenue,8/27/75 11:17,146
147,gpentycross42,cmouncher42@businessweek.com,Male,56548 Tennessee Road,10/23/73 12:12,147
148,joxberry43,sshovelton43@creativecommons.org,Male,07 Center Crossing,12/12/55 7:03,148
149,zmariolle44,kjadczak44@amazon.co.jp,Genderfluid,53589 Lotheville Alley,8/5/62 7:19,149
150,cphilcott45,cbendall45@macromedia.com,Non-binary,35069 Summerview Street,4/22/56 3:40,150
151,tparlot46,hklein46@census.gov,Genderfluid,708 Kim Hill,6/26/96 7:31,151
152,kharnett47,igarry47@kickstarter.com,Non-binary,546 Orin Trail,9/21/80 15:48,152
153,bsim48,lminnis48@topsy.com,Male,6619 Blue Bill Park Pass,1/9/74 3:17,153
154,dlibbis49,rcasotti49@topsy.com,Male,0808 Monica Terrace,8/23/60 21:34,154
155,bhumberstone4a,ablackstone4a@sphinn.com,Genderfluid,93542 Oxford Place,8/2/54 22:10,155
156,eisitt4b,eboxell4b@cocolog-nifty.com,Bigender,8 Melody Trail,6/18/65 16:13,156
157,whaldene4c,tspini4c@jalbum.net,Agender,32524 Buell Parkway,10/20/79 10:50,157
158,jlouden4d,elessmare4d@vk.com,Genderfluid,21 Anderson Court,6/2/95 20:33,158
159,sizakovitz4e,bwoodcraft4e@xrea.com,Male,2 Brown Crossing,7/6/61 20:50,159
160,spuddin4f,bskaid4f@comsenz.com,Non-binary,21 Debs Lane,8/11/57 10:57,160
161,hjakoubek4g,ahabbijam4g@msn.com,Genderqueer,25 Browning Circle,4/10/79 17:22,161
162,vkinnen4h,ibrowse4h@google.nl,Bigender,9 Arapahoe Crossing,2/14/81 22:51,162
163,kstother4i,aweatherhead4i@mlb.com,Genderfluid,54 Oneill Point,4/25/52 4:18,163
164,jstonestreet4j,pohickey4j@dagondesign.com,Genderfluid,59 Reindahl Circle,12/8/95 19:13,164
165,cdougliss4k,eagerskow4k@yolasite.com,Bigender,0 Debra Plaza,6/30/75 18:45,165
166,aotterwell4l,nsikorsky4l@amazon.co.uk,Non-binary,6 Granby Way,7/25/83 0:38,166
167,hoshea4m,lhallihan4m@princeton.edu,Genderfluid,1 La Follette Point,8/21/01 8:47,167
168,aleggon4n,lgoodenough4n@salon.com,Female,978 Pierstorff Avenue,7/3/96 13:32,168
169,dleyes4o,sworstall4o@skype.com,Non-binary,388 Surrey Point,12/1/54 20:37,169
170,lhalford4p,ahasell4p@jugem.jp,Male,45 Badeau Center,4/21/69 2:49,170
171,kdytham4q,mgribbon4q@comsenz.com,Polygender,22 Scofield Place,10/15/76 6:27,171
172,hlamputt4r,rlimer4r@diigo.com,Female,89061 Fulton Junction,7/12/82 11:50,172
173,djerrans4s,sbertlin4s@scribd.com,Agender,1 Carberry Park,2/21/95 3:38,173
174,abamb4t,gtheis4t@imageshack.us,Male,190 Elka Drive,3/8/72 21:59,174
175,sjimenez4u,lbellenger4u@parallels.com,Polygender,1585 Harper Way,1/11/96 8:57,175
176,rtigwell4v,vkunzel4v@bloglovin.com,Bigender,8 Ronald Regan Place,12/9/52 5:23,176
177,ehayle4w,hjentzsch4w@nifty.com,Polygender,2272 Jackson Way,10/8/76 19:43,177
178,mdone4x,gwiddicombe4x@rediff.com,Polygender,71875 Pennsylvania Center,3/23/56 15:24,178
179,fhallibone4y,mhinsche4y@adobe.com,Female,45 Dakota Alley,8/27/89 5:37,179
180,cdoy4z,prowson4z@oakley.com,Polygender,73 Dixon Circle,3/14/67 20:21,180
181,achisnell50,asheldon50@quantcast.com,Genderfluid,66076 Northfield Junction,11/7/77 3:59,181
182,rkovnot51,pbeadham51@privacy.gov.au,Genderqueer,1 Wayridge Trail,8/6/58 17:35,182
183,azmitrichenko52,jdellcasa52@bbc.co.uk,Agender,0 Golf Point,12/12/66 4:50,183
184,ctomowicz53,hgeddis53@slate.com,Male,1 Blue Bill Park Crossing,3/20/51 14:53,184
185,dmegainey54,vkerton54@ifeng.com,Agender,10 Randy Lane,9/4/81 12:15,185
186,mjanssen55,kguy55@trellian.com,Male,180 Carpenter Plaza,10/11/77 6:16,186
187,mprati56,kfeyer56@cdbaby.com,Non-binary,19685 Sutherland Lane,2/21/56 4:31,187
188,scrump57,nbedrosian57@wikimedia.org,Polygender,03 Toban Road,6/27/92 7:19,188
189,deverley58,acamamill58@bloomberg.com,Agender,14 Fulton Circle,9/19/67 3:23,189
190,padne59,mspoor59@mapy.cz,Agender,589 Lillian Avenue,11/23/74 7:11,190
191,bdodamead5a,tgothard5a@cocolog-nifty.com,Genderfluid,0949 Twin Pines Alley,9/25/58 2:48,191
192,dodonoghue5b,javramov5b@cafepress.com,Genderfluid,26543 Porter Plaza,4/30/94 11:48,192
193,tcobbold5c,ljeandot5c@oakley.com,Male,1171 Crowley Drive,8/22/78 13:11,193
194,mwooding5d,fwharton5d@whitehouse.gov,Genderqueer,415 Sutherland Lane,8/18/64 18:43,194
195,jpenhaligon5e,asamudio5e@bizjournals.com,Bigender,1656 Express Road,1/12/83 5:25,195
196,hwhieldon5f,kelger5f@unesco.org,Male,41180 Lakeland Avenue,7/22/55 15:28,196
197,fsussams5g,kboddie5g@statcounter.com,Agender,14 Hoffman Plaza,8/14/71 22:07,197
198,hpennington5h,npavinese5h@answers.com,Genderfluid,54866 Shoshone Road,1/7/81 2:42,198
199,lmessitt5i,tjarrette5i@sciencedirect.com,Polygender,25144 Aberg Trail,2/24/95 6:41,199
200,vgrimme5j,sbernhardsson5j@ed.gov,Female,88720 Eggendart Terrace,7/10/61 10:00,200
201,hschuricht5k,aattryde5k@biblegateway.com,Agender,63 Stuart Plaza,2/28/01 4:55,201
202,ksoutherill5l,kwortt5l@reference.com,Genderfluid,47 Cherokee Lane,11/5/62 14:57,202
203,maitcheson5m,wpiens5m@prnewswire.com,Genderqueer,576 Pawling Plaza,8/1/77 11:23,203
204,cflindall5n,bgriffin5n@ning.com,Genderfluid,06 Rigney Parkway,12/1/93 20:39,204
205,cwennington5o,swinridge5o@vistaprint.com,Agender,50 Bunting Place,11/25/84 6:22,205
206,ctate5p,thawkwood5p@gmpg.org,Bigender,4 Fremont Way,9/22/61 22:19,206
207,ggasquoine5q,apolon5q@t.co,Bigender,13290 Dorton Way,2/12/54 1:45,207
208,sfarey5r,hdeneve5r@amazonaws.com,Polygender,402 Basil Trail,5/16/52 14:21,208
209,msquier5s,mraggles5s@rakuten.co.jp,Female,23 Crest Line Place,8/17/91 10:49,209
210,hcanny5t,fquinby5t@whitehouse.gov,Genderfluid,12223 Welch Terrace,3/10/68 18:29,210
211,fgoodisson5u,glicciardo5u@liveinternet.ru,Agender,3 Monument Parkway,12/23/00 8:38,211
212,nleyburn5v,nschreiner5v@wikimedia.org,Female,7 Superior Junction,10/30/68 4:22,212
213,clangforth5w,mmartensen5w@multiply.com,Bigender,4286 Lyons Terrace,6/24/54 3:49,213
214,mtooby5x,dduffet5x@jalbum.net,Polygender,1 Sutteridge Junction,9/1/60 23:53,214
215,movington5y,gcoverdale5y@biblegateway.com,Agender,21367 Park Meadow Point,9/18/78 2:51,215
216,cmcphee5z,edeshon5z@cpanel.net,Genderfluid,70505 Hazelcrest Circle,1/1/54 6:19,216
217,qedwins60,lcostell60@behance.net,Female,0146 Eggendart Point,1/26/89 20:51,217
218,mwrigley61,dgleadhell61@domainmarket.com,Female,1 Anhalt Way,1/13/58 16:19,218
219,pgavozzi62,hrapps62@wikimedia.org,Non-binary,1 Pearson Terrace,3/29/85 12:34,219
220,agitsham63,mcrawcour63@elpais.com,Genderfluid,304 Randy Terrace,12/24/55 13:54,220
221,edurrad64,acosbee64@shop-pro.jp,Genderqueer,310 Ramsey Alley,3/6/62 9:43,221
222,gbenmore65,mpuddan65@gnu.org,Genderfluid,891 Bowman Hill,4/6/86 15:53,222
223,agass66,elanghorne66@goo.gl,Polygender,557 Quincy Court,10/20/70 8:32,223
224,kshearston67,dheal67@alibaba.com,Bigender,562 Crescent Oaks Alley,1/18/82 20:44,224
225,jtrumper68,gdalston68@cargocollective.com,Agender,61 Havey Park,10/6/51 6:19,225
226,abeaves69,pcleare69@unblog.fr,Bigender,87608 New Castle Junction,1/16/76 17:41,226
227,nhegden6a,iemanuelli6a@washingtonpost.com,Agender,272 Crescent Oaks Junction,6/16/89 7:55,227
228,tbowen6b,abalazot6b@google.cn,Genderfluid,5366 Waxwing Place,1/1/94 7:49,228
229,lparris6c,blyddy6c@youku.com,Polygender,1348 Farragut Park,4/23/01 21:25,229
230,rpoulsum6d,kburchett6d@github.com,Polygender,766 Loomis Parkway,6/1/88 2:29,230
231,wreffe6e,agrills6e@tuttocitta.it,Male,38970 Mosinee Drive,6/9/74 20:19,231
232,cotto6f,jwhisker6f@sakura.ne.jp,Agender,30890 Columbus Parkway,1/5/94 10:23,232
233,fseacroft6g,vgullivent6g@unc.edu,Male,04 Ridge Oak Terrace,9/10/94 23:37,233
234,hdagwell6h,kcastelletto6h@acquirethisname.com,Female,46 Prentice Pass,9/10/50 14:44,234
235,jpeniman6i,pbirdsey6i@php.net,Male,0 Dixon Street,8/1/77 13:41,235
236,esinkin6j,mtrenholm6j@berkeley.edu,Genderqueer,414 Mendota Parkway,4/10/56 22:29,236
237,vvanetti6k,ccoathup6k@is.gd,Agender,67 Becker Point,2/18/88 18:27,237
238,mholleran6l,dgayforth6l@newsvine.com,Agender,9160 Fremont Park,8/18/81 6:04,238
239,mwitterick6m,rklaassens6m@soundcloud.com,Genderfluid,8 Sommers Trail,4/10/53 7:28,239
240,csylvaine6n,cpratty6n@pinterest.com,Genderqueer,59 Barnett Circle,1/3/99 12:39,240
241,akerton6o,ckey6o@apache.org,Male,11517 Mcguire Alley,6/27/85 20:01,241
242,amolder6p,twanklyn6p@goodreads.com,Male,1 Sullivan Lane,12/23/79 20:36,242
243,ojoyson6q,lmatokhnin6q@51.la,Genderqueer,8437 Ridgeview Drive,11/19/58 2:18,243
244,rmaingot6r,bbliven6r@over-blog.com,Female,5 Loomis Park,12/17/69 8:12,244
245,ltoman6s,khempel6s@gmpg.org,Genderqueer,2997 Moulton Street,12/29/96 1:29,245
246,styre6t,fisakov6t@smh.com.au,Agender,2868 Sunfield Alley,2/23/77 14:14,246
247,gthormwell6u,kgrenkov6u@so-net.ne.jp,Genderqueer,1 Moulton Junction,7/9/93 8:57,247
248,gewen6v,dzealy6v@odnoklassniki.ru,Agender,0 Blaine Drive,4/22/74 9:07,248
249,bsutherns6w,kwinder6w@plala.or.jp,Non-binary,6 Gulseth Junction,10/23/73 3:24,249
250,lseater6x,zpiwall6x@nationalgeographic.com,Female,685 Weeping Birch Place,6/13/67 9:00,250
251,lgulk6y,mberre6y@vistaprint.com,Male,62 Mallard Avenue,1/30/92 1:34,251
252,fwhitsun6z,rpiddlehinton6z@biblegateway.com,Non-binary,2 Browning Junction,1/5/55 10:29,252
253,cworral70,lkrop70@gravatar.com,Genderfluid,67827 Utah Hill,4/6/79 3:28,253
254,bmartelet71,bryan71@ycombinator.com,Genderfluid,54895 Northwestern Parkway,3/7/77 16:18,254
255,skinghorn72,kyanshin72@infoseek.co.jp,Female,1 Dwight Street,9/15/72 19:03,255
256,ltincombe73,bcassey73@latimes.com,Bigender,6027 Buena Vista Road,2/13/92 23:19,256
257,aguille74,bpogue74@paypal.com,Bigender,54620 Pierstorff Way,9/22/67 20:45,257
258,fcressingham75,hlyptrit75@geocities.jp,Agender,7129 Corben Circle,3/14/81 12:15,258
259,epartkya76,lcubbinelli76@blogger.com,Male,1091 Grasskamp Street,4/12/52 18:10,259
260,wwestmacott77,kdelascy77@weather.com,Bigender,804 Golf View Road,4/26/72 16:14,260
261,nmockler78,lclamp78@amazon.co.jp,Polygender,85351 Sachs Point,2/25/97 12:47,261
262,eridulfo79,gschreurs79@fda.gov,Agender,8059 Loftsgordon Avenue,5/22/99 19:19,262
263,gspurgin7a,tprewer7a@reddit.com,Polygender,83602 Mcbride Hill,6/6/96 13:06,263
264,amcnern7b,edansey7b@freewebs.com,Genderqueer,178 Commercial Hill,3/24/85 18:18,264
265,rledingham7c,chulmes7c@nsw.gov.au,Bigender,14 Farwell Point,3/1/69 7:16,265
266,vemmanuel7d,dyurocjkin7d@booking.com,Genderfluid,0518 Little Fleur Avenue,2/6/76 1:18,266
267,bwhether7e,mfolomin7e@tamu.edu,Agender,09 Loftsgordon Pass,10/19/79 6:44,267
268,pwickling7f,dantoons7f@phoca.cz,Polygender,6 Lindbergh Alley,10/19/93 19:55,268
269,dbrown7g,sdanet7g@marriott.com,Polygender,364 Messerschmidt Terrace,7/23/66 10:00,269
270,sbraitling7h,hmatelaitis7h@freewebs.com,Agender,66670 Westend Park,8/11/51 16:57,270
271,rhultberg7i,ckidgell7i@amazon.co.jp,Genderqueer,20 Miller Pass,11/25/90 3:16,271
272,msnowball7j,mbows7j@qq.com,Male,42274 Randy Way,9/26/64 1:56,272
273,bbencher7k,wmantz7k@domainmarket.com,Female,45 David Drive,10/24/78 22:25,273
274,ckahan7l,otwelftree7l@wordpress.org,Genderfluid,3 Luster Parkway,8/14/92 14:54,274
275,rappleby7m,dberecloth7m@craigslist.org,Polygender,84 Chive Center,11/27/94 18:59,275
276,chandling7n,wbracher7n@shinystat.com,Male,23 Golden Leaf Trail,8/3/95 2:52,276
277,mjeanes7o,lkeynd7o@booking.com,Genderqueer,074 Prairieview Point,10/12/94 5:57,277
278,bphebee7p,pgirardini7p@yahoo.com,Agender,9521 High Crossing Crossing,10/24/89 19:35,278
279,uheeron7q,jlempenny7q@exblog.jp,Bigender,4912 Commercial Plaza,8/19/64 22:10,279
280,llayfield7r,eweedon7r@europa.eu,Non-binary,0578 Packers Trail,6/16/78 2:48,280
281,aantwis7s,elintott7s@i2i.jp,Agender,93 Barby Avenue,2/24/63 19:27,281
282,mgiacopetti7t,gjills7t@altervista.org,Genderqueer,85264 Arrowood Drive,3/1/78 10:41,282
283,kdeem7u,jmooring7u@statcounter.com,Non-binary,033 Melody Avenue,9/22/61 15:08,283
284,estorkes7v,dcapper7v@berkeley.edu,Genderfluid,919 Hanson Place,3/15/71 4:32,284
285,kricart7w,ikalaher7w@newyorker.com,Bigender,4 Ridgeview Street,8/29/97 5:42,285
286,doliphant7x,hnichol7x@canalblog.com,Female,906 Helena Road,12/20/55 1:27,286
287,bdearnaly7y,rprestwich7y@jalbum.net,Agender,393 Quincy Avenue,1/2/55 1:25,287
288,waberhart7z,cmckeever7z@chicagotribune.com,Non-binary,122 Lillian Terrace,10/12/74 9:38,288
289,dlaming80,blaing80@nba.com,Agender,458 Jackson Center,8/7/73 1:02,289
290,treace81,cshropsheir81@ucsd.edu,Female,3 Kenwood Drive,6/2/96 14:27,290
291,abickerstaff82,afranzke82@com.com,Female,3442 La Follette Alley,10/1/70 20:41,291
292,cjefferd83,lbrahms83@wordpress.org,Bigender,55731 Mallory Crossing,9/16/54 11:54,292
293,gmacelane84,jtunmore84@geocities.jp,Genderfluid,31720 Lindbergh Avenue,2/8/99 5:13,293
294,dposselow85,pbeamand85@naver.com,Polygender,3 Duke Hill,4/8/76 20:57,294
295,abuckner86,adyers86@cdbaby.com,Non-binary,75437 2nd Lane,1/31/73 13:05,295
296,jmueller87,aroskruge87@cdc.gov,Polygender,5109 Ridgeview Pass,6/20/84 14:21,296
297,sshwenn88,zpane88@marriott.com,Non-binary,03091 Becker Center,3/11/64 10:43,297
298,msmallbone89,mknok89@hp.com,Agender,9 Westport Trail,3/30/79 13:34,298
299,owitch8a,dinglesfield8a@reference.com,Non-binary,0 Transport Hill,10/28/78 7:36,299